"filename", "language", "C++", "Python", "Markdown", "Rust", "Java", "JSON", "comment", "blank", "total"
"e:\ww\ccccppppppppppp\.fleet\run.json", "JSON", 0, 0, 0, 0, 0, 4, 0, 1, 5
"e:\ww\ccccppppppppppp\README.md", "Markdown", 0, 0, 2, 0, 0, 0, 0, 1, 3
"e:\ww\ccccppppppppppp\cpp\01-bag.cpp", "C++", 207, 0, 0, 0, 0, 0, 10, 11, 228
"e:\ww\ccccppppppppppp\cpp\Queue.cpp", "C++", 156, 0, 0, 0, 0, 0, 0, 4, 160
"e:\ww\ccccppppppppppp\cpp\binary_search.cpp", "C++", 497, 0, 0, 0, 0, 0, 16, 20, 533
"e:\ww\ccccppppppppppp\cpp\binary_tree.cpp", "C++", 756, 0, 0, 0, 0, 0, 97, 44, 897
"e:\ww\ccccppppppppppp\cpp\c_strcopy.cpp", "C++", 110, 0, 0, 0, 0, 0, 4, 12, 126
"e:\ww\ccccppppppppppp\cpp\dbfs.cpp", "C++", 730, 0, 0, 0, 0, 0, 25, 21, 776
"e:\ww\ccccppppppppppp\cpp\dp.cpp", "C++", 2, 0, 0, 0, 0, 0, 0, 1, 3
"e:\ww\ccccppppppppppp\cpp\encapsulateTrie.cpp", "C++", 216, 0, 0, 0, 0, 0, 162, 20, 398
"e:\ww\ccccppppppppppp\cpp\fenwickTree.cpp", "C++", 73, 0, 0, 0, 0, 0, 0, 11, 84
"e:\ww\ccccppppppppppp\cpp\frontMiddleBackQueue.cpp", "C++", 247, 0, 0, 0, 0, 0, 13, 16, 276
"e:\ww\ccccppppppppppp\cpp\gcd.cpp", "C++", 80, 0, 0, 0, 0, 0, 9, 6, 95
"e:\ww\ccccppppppppppp\cpp\greedy.cpp", "C++", 192, 0, 0, 0, 0, 0, 11, 11, 214
"e:\ww\ccccppppppppppp\cpp\haash.cpp", "C++", 395, 0, 0, 0, 0, 0, 102, 23, 520
"e:\ww\ccccppppppppppp\cpp\hashmap.cpp", "C++", 50, 0, 0, 0, 0, 0, 1, 0, 51
"e:\ww\ccccppppppppppp\cpp\heap-priqueue.cpp", "C++", 193, 0, 0, 0, 0, 0, 3, 7, 203
"e:\ww\ccccppppppppppp\cpp\hman.cpp", "C++", 349, 0, 0, 0, 0, 0, 17, 13, 379
"e:\ww\ccccppppppppppp\cpp\indequeue.cpp", "C++", 430, 0, 0, 0, 0, 0, 5, 17, 452
"e:\ww\ccccppppppppppp\cpp\inenstack.cpp", "C++", 332, 0, 0, 0, 0, 0, 3, 13, 348
"e:\ww\ccccppppppppppp\cpp\lineTreeV2.cpp", "C++", 0, 0, 0, 0, 0, 0, 0, 1, 1
"e:\ww\ccccppppppppppp\cpp\linearTree.cpp", "C++", 60, 0, 0, 0, 0, 0, 1, 1, 62
"e:\ww\ccccppppppppppp\cpp\list.cpp", "C++", 658, 0, 0, 0, 0, 0, 54, 22, 734
"e:\ww\ccccppppppppppp\cpp\merge_sort.cpp", "C++", 189, 0, 0, 0, 0, 0, 137, 16, 342
"e:\ww\ccccppppppppppp\cpp\mobi.cpp", "C++", 67, 0, 0, 0, 0, 0, 14, 4, 85
"e:\ww\ccccppppppppppp\cpp\new_heap.cpp", "C++", 185, 0, 0, 0, 0, 0, 119, 31, 335
"e:\ww\ccccppppppppppp\cpp\quick_find.cpp", "C++", 30, 0, 0, 0, 0, 0, 1, 3, 34
"e:\ww\ccccppppppppppp\cpp\quick_sort.cpp", "C++", 289, 0, 0, 0, 0, 0, 14, 13, 316
"e:\ww\ccccppppppppppp\cpp\quick_union.cpp", "C++", 25, 0, 0, 0, 0, 0, 1, 7, 33
"e:\ww\ccccppppppppppp\cpp\radix_sort.cpp", "C++", 373, 0, 0, 0, 0, 0, 35, 11, 419
"e:\ww\ccccppppppppppp\cpp\rbtree.cpp", "C++", 405, 0, 0, 0, 0, 0, 6, 19, 430
"e:\ww\ccccppppppppppp\cpp\recu.cpp", "C++", 568, 0, 0, 0, 0, 0, 17, 24, 609
"e:\ww\ccccppppppppppp\cpp\serializeTree.cpp", "C++", 147, 0, 0, 0, 0, 0, 15, 3, 165
"e:\ww\ccccppppppppppp\cpp\stack.cpp", "C++", 304, 0, 0, 0, 0, 0, 496, 27, 827
"e:\ww\ccccppppppppppp\cpp\stringcomp.cpp", "C++", 539, 0, 0, 0, 0, 0, 28, 16, 583
"e:\ww\ccccppppppppppp\cpp\test-preoderserialization.cpp", "C++", 46, 0, 0, 0, 0, 0, 1, 1, 48
"e:\ww\ccccppppppppppp\cpp\testcPP.cpp", "C++", 207, 0, 0, 0, 0, 0, 3, 3, 213
"e:\ww\ccccppppppppppp\cpp\trie.cpp", "C++", 135, 0, 0, 0, 0, 0, 93, 11, 239
"e:\ww\ccccppppppppppp\cpp\tt.cpp", "C++", 118, 0, 0, 0, 0, 0, 18, 9, 145
"e:\ww\ccccppppppppppp\cpp\weight_quick_union.cpp", "C++", 217, 0, 0, 0, 0, 0, 10, 11, 238
"e:\ww\ccccppppppppppp\cpp\weighted_withpath.cpp", "C++", 0, 0, 0, 0, 0, 0, 0, 1, 1
"e:\ww\ccccppppppppppp\javaaaaa\BDFS.java", "Java", 0, 0, 0, 0, 31, 0, 0, 2, 33
"e:\ww\ccccppppppppppp\javaaaaa\FrontMiddleBackQueue.java", "Java", 0, 0, 0, 0, 128, 0, 0, 29, 157
"e:\ww\ccccppppppppppp\javaaaaa\HashMap.java", "Java", 0, 0, 0, 0, 81, 0, 10, 9, 100
"e:\ww\ccccppppppppppp\javaaaaa\MeregeSort.java", "Java", 0, 0, 0, 0, 36, 0, 0, 6, 42
"e:\ww\ccccppppppppppp\javaaaaa\MyCircularQueue.java", "Java", 0, 0, 0, 0, 42, 0, 0, 9, 51
"e:\ww\ccccppppppppppp\javaaaaa\MyCircularQueueV2node.java", "Java", 0, 0, 0, 0, 96, 0, 0, 23, 119
"e:\ww\ccccppppppppppp\javaaaaa\MyHashMap.java", "Java", 0, 0, 0, 0, 123, 0, 27, 10, 160
"e:\ww\ccccppppppppppp\javaaaaa\MyPQ.java", "Java", 0, 0, 0, 0, 49, 0, 1, 7, 57
"e:\ww\ccccppppppppppp\javaaaaa\OuterClassTest.java", "Java", 0, 0, 0, 0, 26, 0, 12, 6, 44
"e:\ww\ccccppppppppppp\javaaaaa\RBTree.java", "Java", 0, 0, 0, 0, 309, 0, 234, 31, 574
"e:\ww\ccccppppppppppp\javaaaaa\RBTreev2.java", "Java", 0, 0, 0, 0, 305, 0, 23, 21, 349
"e:\ww\ccccppppppppppp\javaaaaa\SelectSort.java", "Java", 0, 0, 0, 0, 22, 0, 1, 4, 27
"e:\ww\ccccppppppppppp\javaaaaa\StringOp.java", "Java", 0, 0, 0, 0, 195, 0, 4, 11, 210
"e:\ww\ccccppppppppppp\javaaaaa\Twitter.java", "Java", 0, 0, 0, 0, 90, 0, 0, 18, 108
"e:\ww\ccccppppppppppp\javaaaaa\Unionset1.java", "Java", 0, 0, 0, 0, 240, 0, 21, 27, 288
"e:\ww\ccccppppppppppp\javaaaaa\binarySearch.java", "Java", 0, 0, 0, 0, 38, 0, 2, 4, 44
"e:\ww\ccccppppppppppp\javaaaaa\bitOpr.java", "Java", 0, 0, 0, 0, 112, 0, 29, 11, 152
"e:\ww\ccccppppppppppp\javaaaaa\bst.java", "Java", 0, 0, 0, 0, 550, 0, 150, 59, 759
"e:\ww\ccccppppppppppp\javaaaaa\hashta.java", "Java", 0, 0, 0, 0, 35, 0, 2, 4, 41
"e:\ww\ccccppppppppppp\javaaaaa\heapi.java", "Java", 0, 0, 0, 0, 285, 0, 13, 26, 324
"e:\ww\ccccppppppppppp\javaaaaa\length.java", "Java", 0, 0, 0, 0, 21, 0, 1, 5, 27
"e:\ww\ccccppppppppppp\javaaaaa\list.java", "Java", 0, 0, 0, 0, 533, 0, 81, 63, 677
"e:\ww\ccccppppppppppp\javaaaaa\magic.class", "Java", 0, 0, 0, 0, 15, 0, 0, 0, 15
"e:\ww\ccccppppppppppp\javaaaaa\magic.java", "Java", 0, 0, 0, 0, 119, 0, 11, 13, 143
"e:\ww\ccccppppppppppp\javaaaaa\minheapmax.java", "Java", 0, 0, 0, 0, 64, 0, 39, 8, 111
"e:\ww\ccccppppppppppp\javaaaaa\overrideload.java", "Java", 0, 0, 0, 0, 31, 0, 9, 6, 46
"e:\ww\ccccppppppppppp\javaaaaa\randomMac.java", "Java", 0, 0, 0, 0, 172, 0, 25, 18, 215
"e:\ww\ccccppppppppppp\javaaaaa\stackqueue.java", "Java", 0, 0, 0, 0, 198, 0, 1, 22, 221
"e:\ww\ccccppppppppppp\javaaaaa\unionFind.java", "Java", 0, 0, 0, 0, 225, 0, 6, 13, 244
"e:\ww\ccccppppppppppp\openSourceCodetips\nginx_roundup.cpp", "C++", 13, 0, 0, 0, 0, 0, 65, 16, 94
"e:\ww\ccccppppppppppp\python\list.py", "Python", 0, 54, 0, 0, 0, 0, 5, 11, 70
"e:\ww\ccccppppppppppp\python\sort.py", "Python", 0, 23, 0, 0, 0, 0, 1, 3, 27
"e:\ww\ccccppppppppppp\python\type_object_class.py", "Python", 0, 33, 0, 0, 0, 0, 13, 8, 54
"e:\ww\ccccppppppppppp\python\zipsort.py", "Python", 0, 62, 0, 0, 0, 0, 13, 13, 88
"e:\ww\ccccppppppppppp\rust\.VSCodeCounter\2022-09-30_18-17-30\details.md", "Markdown", 0, 0, 17, 0, 0, 0, 0, 6, 23
"e:\ww\ccccppppppppppp\rust\.VSCodeCounter\2022-09-30_18-17-30\diff-details.md", "Markdown", 0, 0, 9, 0, 0, 0, 0, 6, 15
"e:\ww\ccccppppppppppp\rust\.VSCodeCounter\2022-09-30_18-17-30\diff.md", "Markdown", 0, 0, 12, 0, 0, 0, 0, 7, 19
"e:\ww\ccccppppppppppp\rust\.VSCodeCounter\2022-09-30_18-17-30\results.json", "JSON", 0, 0, 0, 0, 0, 1, 0, 0, 1
"e:\ww\ccccppppppppppp\rust\.VSCodeCounter\2022-09-30_18-17-30\results.md", "Markdown", 0, 0, 25, 0, 0, 0, 0, 7, 32
"e:\ww\ccccppppppppppp\rust\mystack\src\graph_al.rs", "Rust", 0, 0, 0, 20, 0, 0, 0, 2, 22
"e:\ww\ccccppppppppppp\rust\mystack\src\lib.rs", "Rust", 0, 0, 0, 327, 0, 0, 2, 12, 341
"e:\ww\ccccppppppppppp\rust\mystack\src\main.rs", "Rust", 0, 0, 0, 262, 0, 0, 8, 15, 285
"e:\ww\ccccppppppppppp\rust\mystack\src\sort_alg.rs", "Rust", 0, 0, 0, 327, 0, 0, 2, 14, 343
"e:\ww\ccccppppppppppp\t.cpp", "C++", 39, 0, 0, 0, 0, 0, 0, 3, 42
"Total", "-", 9629, 172, 65, 936, 4171, 5, 2352, 1074, 18404